{"cameraMode":{"drawMode":0,"name":"Shaded","section":"Shading Mode"},"sceneLighting":true,"audioPlay":false,"sceneViewState":{"m_AlwaysRefresh":false,"showFog":true,"showSkybox":true,"showFlares":true,"showImageEffects":true,"showParticleSystems":true,"showVisualEffectGraphs":true,"m_FxEnabled":true},"in2DMode":false,"pivot":{"x":0.2539624571800232,"y":1.301714301109314,"z":1.466395616531372},"rotation":{"x":0.2893284261226654,"y":0.6847280263900757,"z":-0.34609943628311159,"w":0.5724179148674011},"size":0.0018379337852820755,"orthographic":false}